id,file_path,status,error,cid,created_at,updated_at
1,/home/sysadmin/integrity-sync/main/Japanese American Incarceration Materials/authentication_documents_relevant_to_all_scenes/03b_loyalty_questionnaire_reference.md,Success,"",bafkreie5iozzwcoxplew7q5txongqtgmprrkh5db34rn2wjdde5i5jmggm,2026-04-07 16:04:06.399954,2026-04-07 16:04:07.904522
2,/home/sysadmin/integrity-sync/main/Japanese American Incarceration Materials/authentication_documents_relevant_to_all_scenes/George H.W. Bush apology ddr-csujad-55-920-mezzanine-876acef80a.pdf,Success,"",bafkreiannmy4v74xufrkfanx5ujif4c5ngo2wifz4m5m7kkm7owqipp6li,2026-04-07 16:04:07.624108,2026-04-07 16:04:08.864744
3,/home/sysadmin/integrity-sync/main/Japanese American Incarceration Materials/authentication_documents_relevant_to_all_scenes/05_personal_justice_denied_ch5_assembly_centers.pdf,Success,"",bafkreicfnv5vzhevrnmr5lvumw5x4y52fjtdbqrgjh4pfdakmsmavdra2a,2026-04-07 16:04:09.008721,2026-04-07 16:04:10.087536
4,/home/sysadmin/integrity-sync/main/Japanese American Incarceration Materials/authentication_documents_relevant_to_all_scenes/camp_incidents_timeline.md,Success,"",bafkreiflza4vmtjf4ymeza44lgz2qoif7aune5i4vv5tee6h4skelplole,2026-04-07 16:04:09.788345,2026-04-07 16:04:11.075295
5,/home/sysadmin/integrity-sync/main/Japanese American Incarceration Materials/authentication_documents_relevant_to_all_scenes/MANIFEST.txt,Success,"",bafkreidpplifjia2qjnsghc7uic2t7d7ucv3nolungp5zg2zwp7lcbvkge,2026-04-07 16:04:10.234485,2026-04-07 16:04:11.506257
6,/home/sysadmin/integrity-sync/main/Japanese American Incarceration Materials/authentication_documents_relevant_to_all_scenes/civil_liberties_act_1988_pl100_383.pdf,Success,"",bafkreiendwiqsnejrhtrfkfqn5yv76lfz6soyqnjfoqdxkpfbuugehs22y,2026-04-07 16:04:11.208062,2026-04-07 16:04:12.484065
7,/home/sysadmin/integrity-sync/main/Japanese American Incarceration Materials/authentication_documents_relevant_to_all_scenes/civilian_exclusion_order_no1_bainbridge_island.jpg,Success,"",bafkreicc7j5jy6xvlunticeb6hthee6sw53wmnto4wwsh5nh47t5k5nc54,2026-04-07 16:04:12.927079,2026-04-07 16:04:14.165803
8,/home/sysadmin/integrity-sync/main/Japanese American Incarceration Materials/authentication_documents_relevant_to_all_scenes/civilian_exclusion_order_no5_san_francisco.jpg,Success,"",bafkreie2d5a5yfrmsrvoicu4e6z3vwcqe5qehqpdtjduyhlszq4hjsackm,2026-04-07 16:04:18.479904,2026-04-07 16:04:20.280825
10,/home/sysadmin/integrity-sync/main/Japanese American Incarceration Materials/authentication_documents_relevant_to_all_scenes/02496_2003 FDR signed EO 9066.pdf,Success,"",bafkreie75p67snq4t324oslvetxvqhluq4rd6wdkbgpphnjbnvim3wbagy,2026-04-07 16:04:23.180403,2026-04-07 16:04:24.852176
11,/home/sysadmin/integrity-sync/main/Japanese American Incarceration Materials/authentication_documents_relevant_to_all_scenes/proclamation_4417_rescission_extract.pdf,Success,"",bafkreia37p4zr7fzemejsfn3ipnzejqurrgf7dbop5g252hm3uflnzxqt4,2026-04-07 16:04:24.231399,2026-04-07 16:04:25.958263
13,/home/sysadmin/integrity-sync/main/Japanese American Incarceration Materials/authentication_documents_relevant_to_all_scenes/03_dss_form_304a_loyalty_questionnaire.pdf,Success,"",bafkreibyaujj24jvhb6ymp6pvjz755n5ajcoyc3axawymfmsbdcwalbzxu,2026-04-07 16:04:24.619545,2026-04-07 16:04:26.363067
12,/home/sysadmin/integrity-sync/main/Japanese American Incarceration Materials/authentication_documents_relevant_to_all_scenes/dewitt_final_report_japanese_evacuation.pdf,Success,"",bafkreid3hcobvnoerrquz3pcudnttzceygru5upg7d4lo362pb23f22kg4,2026-04-07 16:04:24.284503,2026-04-07 16:04:26.977774
14,/home/sysadmin/integrity-sync/main/Japanese American Incarceration Materials/tanforan/MANIFEST.txt,Success,"",bafkreib3v6gq4n4kdihfqgenpn45jjkz6wieualyyw37nemizxe3iaif3q,2026-04-07 16:04:25.619316,2026-04-07 16:04:26.987594
9,/home/sysadmin/integrity-sync/main/Japanese American Incarceration Materials/authentication_documents_relevant_to_all_scenes/cwric_personal_justice_denied_full.pdf,Success,"",bafkreiagn2dvmpkcq6tqmvjyd3j52boslwget344tvqpxyxpvg5fc2oize,2026-04-07 16:04:23.034252,2026-04-07 16:04:26.997813
15,/home/sysadmin/integrity-sync/main/Japanese American Incarceration Materials/topaz/MANIFEST.txt,Success,"",bafkreicqn34weg7iksaa55spq43ys3m5hlztfmcnyyggrprpjtn53tocb4,2026-04-07 16:04:26.74689,2026-04-07 16:04:27.941903
16,/home/sysadmin/integrity-sync/main/Japanese American Incarceration Materials/authentication_documents_relevant_to_all_scenes/eo_9066_federal_register_feb25_1942.pdf,Success,"",bafkreidojfwy334kzjfqkj3p2s53bmw6m6ndyzyxrfoln7f4h2ryahe4v4,2026-04-07 16:04:29.854784,2026-04-07 16:04:31.96253
17,/home/sysadmin/integrity-sync/main/Japanese American Incarceration Materials/authentication_documents_relevant_to_all_scenes/videos/challenge_to_democracy_1944_wra.mp4,Success,"",bafkreiat3duqj3tmg67hb3txg2kjfcsz3ehzypyvxu3ogs2cbkpszpqfeq,2026-04-07 16:04:34.132554,2026-04-07 16:04:37.331593
18,/home/sysadmin/integrity-sync/main/Japanese American Incarceration Materials/authentication_documents_relevant_to_all_scenes/videos/VIDEO_MANIFEST.txt,Success,"",bafkreib255yumjkedrlkik77ifatjkuaiw5erynidj6psrmjalfqkzfc6y,2026-04-07 16:04:38.704844,2026-04-07 16:04:39.934202
20,/home/sysadmin/integrity-sync/main/Japanese American Incarceration Materials/i_am_an_american/photos/01_lange_i_am_an_american.jpg,Success,"",bafkreien6p6of7yvprjjwofonpgyaayrikog6jadqtvuf3ecfxxwv6cede,2026-04-07 16:04:39.727509,2026-04-07 16:04:41.064474
19,/home/sysadmin/integrity-sync/main/Japanese American Incarceration Materials/authentication_documents_relevant_to_all_scenes/videos/japanese_relocation_1943_wra.mp4,Success,"",bafkreifkpfh22yc65vee6qhao3ei3ienw6adqliie4kh5vpyd4u7dkkjhi,2026-04-07 16:04:38.903597,2026-04-07 16:04:41.407854
21,/home/sysadmin/integrity-sync/main/Japanese American Incarceration Materials/i_am_an_american/photos/05_omca_21_1240M_crop.jpg,Success,"",bafkreicnwtw7cm4ibbh5js7t6mafpp7qfchzuqec7y2bcy5xqx6ort5ffq,2026-04-07 16:04:40.416206,2026-04-07 16:04:42.033666
22,/home/sysadmin/integrity-sync/main/Japanese American Incarceration Materials/i_am_an_american/MANIFEST.txt,Success,"",bafkreig2jh7rkc7wogtwxepaoliynrcvqqlfuwb5pkydmu6vghayqb6fpy,2026-04-07 16:04:40.686912,2026-04-07 16:04:42.04278
23,/home/sysadmin/integrity-sync/main/Japanese American Incarceration Materials/i_am_an_american/photos/04_omca_21_1240M.jpg,Success,"",bafkreibnkedohmojwvji2habktnicvdyhkfuzpmnyi3ghcmdkwqskbvrnu,2026-04-07 16:04:46.170394,2026-04-07 16:04:47.331828
24,/home/sysadmin/integrity-sync/main/Japanese American Incarceration Materials/i_am_an_american/photos/10_japanese_american_grocer_1942.jpg,Success,"",bafkreib76ks2f2ssc5q5djkkt6plerq36d5pymzfpdgcch2lbg6cue4hw4,2026-04-07 16:04:46.745995,2026-04-07 16:04:48.041329
25,/home/sysadmin/integrity-sync/main/Japanese American Incarceration Materials/i_am_an_american/photos/09_img_1667.webp,Success,"",bafkreihmfn5lyqj7mdhr5uvfopqsexggmogjdzzzopqswfmvuulvypczbq,2026-04-07 16:04:47.794517,2026-04-07 16:04:49.063443
26,/home/sysadmin/integrity-sync/main/Japanese American Incarceration Materials/i_am_an_american/photos/12_gila_river_empty_barracks_1945.jpg,Success,"",bafkreietrpcud5vjfozdkojuyv4vmj7mwtwa37exlnpb7mfo7utxopmpvq,2026-04-07 16:04:48.442443,2026-04-07 16:04:49.691415
27,/home/sysadmin/integrity-sync/main/Japanese American Incarceration Materials/i_am_an_american/photos/14_gila_river_farm_machinery_1945.jpg,Success,"",bafkreibspc34aazusmqc76ja2kyz2qm3gvxfxvslujyt2bwnzft5kbfkaa,2026-04-07 16:04:49.558617,2026-04-07 16:04:50.869485
28,/home/sysadmin/integrity-sync/main/Japanese American Incarceration Materials/i_am_an_american/photos/13_gila_river_ration_board_1945.jpg,Success,"",bafkreiganqsrlxryv5ag2em4lw3xhzttdkh4df3ak7u67gufhys6wafuzu,2026-04-07 16:04:55.061711,2026-04-07 16:04:56.13497
31,/home/sysadmin/integrity-sync/main/Japanese American Incarceration Materials/i_am_an_american/photos/18_gila_river_dog_preparation_1944.jpg,Success,"",bafkreid24kighiicnwvq24gesoiskfjmi3q5gdek53553wuodgew32rk4q,2026-04-07 16:05:03.939828,2026-04-07 16:05:05.378502
29,/home/sysadmin/integrity-sync/main/Japanese American Incarceration Materials/i_am_an_american/photos/07_omca_lange_variant_crop.jpg,Success,"",bafkreianh74k66bwnj5qvhj5avssswbav2uiayledq2vfkmaobbqlzoevm,2026-04-07 16:04:55.224264,2026-04-07 16:04:56.649559
30,/home/sysadmin/integrity-sync/main/Japanese American Incarceration Materials/i_am_an_american/photos/16_gila_river_spinach_harvest_1942.jpg,Success,"",bafkreifahxbk6ba6kus6po5cmsficdkkfovlk4nsw2zbro3i3y4s7mvodm,2026-04-07 16:04:55.962565,2026-04-07 16:04:57.090267
32,/home/sysadmin/integrity-sync/main/Japanese American Incarceration Materials/i_am_an_american/photos/19_gila_river_eleanor_roosevelt_1943.jpg,Success,"",bafkreiajlduflsd5qfznp43ijnrn22fzsp5hlzmr7rt5kjxvpeil7qe4uy,2026-04-07 16:05:04.812868,2026-04-07 16:05:06.171486
33,/home/sysadmin/integrity-sync/main/Japanese American Incarceration Materials/i_am_an_american/photos/PHOTO_MANIFEST.txt,Success,"",bafkreifdlztulyjexvjwmhjpwzplbdqayiald6vxxdywgkfqnklrd6i4p4,2026-04-07 16:05:05.507749,2026-04-07 16:05:06.902299
34,/home/sysadmin/integrity-sync/main/Japanese American Incarceration Materials/i_am_an_american/photos/15_gila_river_ration_books_1945.jpg,Success,"",bafkreicfupxnojcaubcwaayz5453vgk45x4dvsvmiz5xrhltjmhr3sbkpq,2026-04-07 16:05:06.916539,2026-04-07 16:05:08.153769
35,/home/sysadmin/integrity-sync/main/Japanese American Incarceration Materials/i_am_an_american/photos/endo_mitsuye_portrait.jpg,Success,"",bafkreihch2vmm3eovdvorasngl7amkouoet7vjxsivwcocz5ffy4psmjlm,2026-04-07 16:05:07.26213,2026-04-07 16:05:09.425971
36,/home/sysadmin/integrity-sync/main/Japanese American Incarceration Materials/i_am_an_american/photos/17_gila_river_travel_grant_1945.jpg,Success,"",bafkreigpbb6vcmshjuwsrm526gj27us2cke5egzs46w227pu3fqr7jhbeu,2026-04-07 16:05:07.808291,2026-04-07 16:05:09.436206
37,/home/sysadmin/integrity-sync/main/Japanese American Incarceration Materials/i_am_an_american/photos/11_uof7po5w0kbfo7q5.jpg,Success,"",bafkreif7mnyfjedqbzjyxi6oobppo5xaujsn3lcahgce4dfbsfhkduyciq,2026-04-07 16:05:09.082412,2026-04-07 16:05:11.471639
38,/home/sysadmin/integrity-sync/main/Japanese American Incarceration Materials/i_am_an_american/photos/lange_sf_boarding_windows_post_st.jpg,Success,"",bafkreieh7k5dqtxsvi7nztii6lwi7mkdsgfvyjj4qdycjbyxbvnbsfijsy,2026-04-07 16:05:24.419098,2026-04-07 16:05:25.966254
39,/home/sysadmin/integrity-sync/main/Japanese American Incarceration Materials/i_am_an_american/maps/01_sanborn_oakland_1889.jpg,Success,"",bafkreih2xhrl6nmpv25zdzl47n4xiqihxdtxdxk7to5cvn35bv27qnnkuq,2026-04-07 16:05:26.31693,2026-04-07 16:05:27.280927
40,/home/sysadmin/integrity-sync/main/Japanese American Incarceration Materials/i_am_an_american/photos/lange_sf_farewell_letter_shop.jpg,Success,"",bafkreicekdsos2gdlppa2bj56qs3lfkqjj6ab3vy26kkoum3nnirdv36he,2026-04-07 16:05:27.092133,2026-04-07 16:05:28.237928
41,/home/sysadmin/integrity-sync/main/Japanese American Incarceration Materials/i_am_an_american/photos/lange_sf_post_street_business.jpg,Success,"",bafkreihkp2r2vo274n7fcyvmbtfzxdddzjxn7kfirzjwu3z5v6xrlfqw34,2026-04-07 16:05:32.740793,2026-04-07 16:05:33.98748
42,/home/sysadmin/integrity-sync/main/Japanese American Incarceration Materials/authentication_documents_relevant_to_all_scenes/Legal Cases/LEGAL_MANIFEST.txt,Success,"",bafkreidhsdjpj6xoefc6dxlc4yx7chhkyavowvgeqfkoxr7scoz7yjgg4a,2026-04-07 16:05:33.34285,2026-04-07 16:05:35.010232
43,/home/sysadmin/integrity-sync/main/Japanese American Incarceration Materials/authentication_documents_relevant_to_all_scenes/testimonies/TESTIMONY_MANIFEST.txt,Success,"",bafkreifpsee264moipojzu7dxyy3kszkbblomcduwnhx5odt7vfqho2any,2026-04-07 16:05:33.494694,2026-04-07 16:05:35.017622
44,/home/sysadmin/integrity-sync/main/Japanese American Incarceration Materials/authentication_documents_relevant_to_all_scenes/Legal Cases/Yasui coram nobis opinion (1985) ddr-densho-405-38-mezzanine-87b7576abe.pdf,Success,"",bafkreiao6vs2gsfg5xpztrk5pfnwkwmuwrt5t2nu45ssiv3cnuivz5kbae,2026-04-07 16:05:34.323779,2026-04-07 16:05:36.630227
45,/home/sysadmin/integrity-sync/main/Japanese American Incarceration Materials/authentication_documents_relevant_to_all_scenes/Legal Cases/hirabayashi_v_united_states_320_us_81.pdf,Success,"",bafkreibuwubzxh3uw74ngsjirp4fdthusip2jleax5d2jvhrtat4um5edi,2026-04-07 16:05:35.607534,2026-04-07 16:05:36.80908
46,/home/sysadmin/integrity-sync/main/Japanese American Incarceration Materials/authentication_documents_relevant_to_all_scenes/Legal Cases/korematsu_coram_nobis_584_fsupp_1406_1984.pdf,Success,"",bafkreiaeusqy4eyfrvworsmumss4irez75ykv66mj2mis4tc7wjyvjk25u,2026-04-07 16:05:36.390374,2026-04-07 16:05:37.279728
47,/home/sysadmin/integrity-sync/main/Japanese American Incarceration Materials/i_am_an_american/maps/MAP_MANIFEST.txt,Success,"",bafkreidnwc6qtltjnb34lilhuksyqglkeicdrsuqiv57lmcsn6gat5abxu,2026-04-07 16:05:44.116154,2026-04-07 16:05:45.315663
48,/home/sysadmin/integrity-sync/main/Japanese American Incarceration Materials/authentication_documents_relevant_to_all_scenes/Legal Cases/Hirabayashi coram nobis opinion 1987 ddr-densho-405-37-mezzanine-bfe9b5560f.pdf,Success,"",bafkreiewx7lcofqmx5v4bb5nyfwcgus2gsu2x6l4reqzyr64e2df3mrewu,2026-04-07 16:05:50.040004,2026-04-07 16:05:51.416393
49,/home/sysadmin/integrity-sync/main/Japanese American Incarceration Materials/authentication_documents_relevant_to_all_scenes/Legal Cases/yasui_v_united_states_320_us_115.pdf,Success,"",bafkreiaun5l7llrdwe5kudb2y5lkdnygloa5qlxiufjhehbuk4quz6u2xi,2026-04-07 16:05:50.970921,2026-04-07 16:05:52.360638
50,/home/sysadmin/integrity-sync/main/Japanese American Incarceration Materials/i_am_an_american/testimonies/TESTIMONY_MANIFEST.txt,Success,"",bafkreiahx2zvkhxjtnukd4darvzx6dpaezngwy4pd6qqs6jyfz7qegqak4,2026-04-07 16:05:51.561092,2026-04-07 16:05:53.018221
51,/home/sysadmin/integrity-sync/main/Japanese American Incarceration Materials/authentication_documents_relevant_to_all_scenes/Legal Cases/trump_v_hawaii_585_us_2018.pdf,Success,"",bafkreigih6scbmvnlazan7lsewsdeybfezwicc52fzy4ghqzyxrbu57pi4,2026-04-07 16:05:53.628713,2026-04-07 16:05:54.872428
52,/home/sysadmin/integrity-sync/main/Japanese American Incarceration Materials/authentication_documents_relevant_to_all_scenes/Legal Cases/ex_parte_endo_323_us_283.pdf,Success,"",bafkreihso74lfkqcznbd5tnte2r3wqxrjlmnmjcgo5oi5jx222t6trhonm,2026-04-07 16:05:55.787373,2026-04-07 16:05:57.050342
53,/home/sysadmin/integrity-sync/main/Japanese American Incarceration Materials/i_am_an_american/documents/05_densho_registry_evidence.html,Success,"",bafkreiefzreq7v4sdk7bhfaz6eg7ax7u2ydiqyqrtqyzejy5re3szwxvsa,2026-04-07 16:05:56.608842,2026-04-07 16:05:57.401632
54,/home/sysadmin/integrity-sync/main/Japanese American Incarceration Materials/i_am_an_american/documents/DOCUMENT_MANIFEST.txt,Success,"",bafkreiag5wwcy4tiyct6irxy5ju2bhbkxyt4aife2sw5r4j2vx6iabbdse,2026-04-07 16:05:57.148956,2026-04-07 16:05:58.390514
55,/home/sysadmin/integrity-sync/main/Japanese American Incarceration Materials/authentication_documents_relevant_to_all_scenes/Legal Cases/korematsu_v_united_states_323_us_214.pdf,Success,"",bafkreibp3lxw2lsvdbfvfeyx73sxhxvq7skhlrot4pmi6xnsodzyoqemdy,2026-04-07 16:06:06.373652,2026-04-07 16:06:08.217846
56,/home/sysadmin/integrity-sync/main/Japanese American Incarceration Materials/tule_lake/documents/DOCUMENT_MANIFEST.txt,Success,"",bafkreid6krabt3wfwjp3kzdjiob37yfxkfs7s5fjsyolddzdesjhjjgnbq,2026-04-07 16:06:07.028094,2026-04-07 16:06:08.999803
57,/home/sysadmin/integrity-sync/main/Japanese American Incarceration Materials/tule_lake/documents/habs_tule_lake_jail_captions.pdf,Success,"",bafkreigxx3h44jafcrs3cmxd6slsv6akjjd5jocmtooycvi5d6fodlyvc4,2026-04-07 16:06:07.948375,2026-04-07 16:06:09.175408
58,/home/sysadmin/integrity-sync/main/Japanese American Incarceration Materials/i_am_an_american/documents/04_wra_form26_authentication_records.md,Success,"",bafkreigd5qhttvormzrwd4rewbmxzfwk6b62mlngigaok55is6a3cxqtdu,2026-04-07 16:06:08.043069,2026-04-07 16:06:10.493669
59,/home/sysadmin/integrity-sync/main/Japanese American Incarceration Materials/tule_lake/testimonies/TESTIMONY_MANIFEST.txt,Success,"",bafkreiaikpsoxzpw2qppljumr7jup6eug5mirzputwmnt734zi655i4k7e,2026-04-07 16:06:08.576278,2026-04-07 16:06:10.868308
60,/home/sysadmin/integrity-sync/main/Japanese American Incarceration Materials/tule_lake/documents/habs_tule_lake_jail_data.pdf,Success,"",bafkreigattsemzjcpdws5opxgedqorz24phnio65xajlzp6iyvtrd5leyu,2026-04-07 16:06:08.789541,2026-04-07 16:06:10.878257
61,/home/sysadmin/integrity-sync/main/Japanese American Incarceration Materials/tule_lake/photos/02_color_abalone_mt.jpg,Success,"",bafkreidtk3oxk6lltpxqjwwsjhcwxgdaw7p3rxqcihjedwhjgkjc3arjma,2026-04-07 16:06:10.400089,2026-04-07 16:06:11.496845
62,/home/sysadmin/integrity-sync/main/Japanese American Incarceration Materials/i_am_an_american/testimonies/quote_bank.md,Success,"",bafkreihcbeiftz7mzhophebv6ryzmmxouz3c7wkwuh6bapxzvxmdgt6vei,2026-04-07 16:06:11.966417,2026-04-07 16:06:13.180437
63,/home/sysadmin/integrity-sync/main/Japanese American Incarceration Materials/tule_lake/photos/04_color_camp_d.jpg,Success,"",bafkreihjvodvrcygfywkexyjw7kbudnlqyangmwemum6f4lfl3jrgvhpgy,2026-04-07 16:06:12.795899,2026-04-07 16:06:13.972503
64,/home/sysadmin/integrity-sync/main/Japanese American Incarceration Materials/tule_lake/photos/05_albers_construction.jpg,Success,"",bafkreihyogf6jormuul34osfx7nqqdcok42fg2m6tmoyaainjlrezfjgwq,2026-04-07 16:06:15.709727,2026-04-07 16:06:16.9509
65,/home/sysadmin/integrity-sync/main/Japanese American Incarceration Materials/tule_lake/testimonies/quote_bank.md,Success,"",bafkreiatmq7vojasxeas6slwq43a56dljyobmmx3dn2snlrmwmpmz56isi,2026-04-07 16:06:17.597136,2026-04-07 16:06:18.561767
66,/home/sysadmin/integrity-sync/main/Japanese American Incarceration Materials/tule_lake/photos/03_color_camp_c.jpg,Success,"",bafkreieczjkktusejs246yjd5nansnoyqnbfcxbwdsn7ghl7rqlezafzby,2026-04-07 16:06:17.743159,2026-04-07 16:06:18.9587
67,/home/sysadmin/integrity-sync/main/Japanese American Incarceration Materials/tule_lake/documents/02_segregation_center_reference.md,Success,"",bafkreiao4f2m25d6bpuoxkrbyxpavn2pw4me4eyax2menzb7bww53cgq6i,2026-04-07 16:06:17.780966,2026-04-07 16:06:19.20607
68,/home/sysadmin/integrity-sync/main/Japanese American Incarceration Materials/tule_lake/photos/16_ocrotty_tarpaper_barrack_bank.jpg,Success,"",bafkreicm7pruoen2pc3kjveqkja6zxfafsj2xbhjfnqambj4mo6vlsajay,2026-04-07 16:06:18.295076,2026-04-07 16:06:19.609919
69,/home/sysadmin/integrity-sync/main/Japanese American Incarceration Materials/tule_lake/photos/17_habs_stockade_view1.jpg,Success,"",bafkreidn6g4cyo3tcs3hftahgkvpjyu2suzljrvznm3lpqlbv2o7cfwvkq,2026-04-07 16:06:18.807548,2026-04-07 16:06:19.950391
70,/home/sysadmin/integrity-sync/main/Japanese American Incarceration Materials/tule_lake/photos/15_ocrotty_barracks_exterior.jpg,Success,"",bafkreihb7k57a4tvggwqgqjpzjuevw4dtk2jzsjcgepogcif7qcfina2k4,2026-04-07 16:06:23.042405,2026-04-07 16:06:24.207886
71,/home/sysadmin/integrity-sync/main/Japanese American Incarceration Materials/heart_mountain/documents/02_draft_resistance_reference.md,Success,"",bafkreicyxrspuv3z4i4ea3itakcfi4tqnqbz7uckrfrnudfbpch55fdqra,2026-04-07 16:06:23.780357,2026-04-07 16:06:24.890711
72,/home/sysadmin/integrity-sync/main/Japanese American Incarceration Materials/tule_lake/photos/14_ocrotty_admin_building.jpg,Success,"",bafkreidvnirspz5tfynv3ait3goubgdwrmp4ctuggfvgo4hmlp7qexsmty,2026-04-07 16:06:26.867197,2026-04-07 16:06:27.991988
73,/home/sysadmin/integrity-sync/main/Japanese American Incarceration Materials/heart_mountain/documents/06_densho_registry_evidence.html,Success,"",bafkreiazpsc6fcchjfqdj5jyqq4jcc5ngydvhno73vkwdmbafct6pghgtm,2026-04-07 16:06:27.499425,2026-04-07 16:06:28.574245
74,/home/sysadmin/integrity-sync/main/Japanese American Incarceration Materials/tule_lake/photos/PHOTO_MANIFEST.txt,Success,"",bafkreif5lcooaurjryuoldb53kuze64cvtv7fyhatsycw5ur7uhzm7eusy,2026-04-07 16:06:28.572399,2026-04-07 16:06:29.581433
75,/home/sysadmin/integrity-sync/main/Japanese American Incarceration Materials/heart_mountain/documents/far_microfilm_p102_ishigo.jpg,Success,"",bafkreihbkhn4vi6rxkdji5fj5sibujfug6nkkwninsnkmuc636j3mt47v4,2026-04-07 16:06:29.40651,2026-04-07 16:06:30.5956
76,/home/sysadmin/integrity-sync/main/Japanese American Incarceration Materials/heart_mountain/documents/05_wra_form26_authentication_records.md,Success,"",bafkreigpt67p3z6nseskrytsbixdiyj6s7hb7qsnyens4ontblfajkpq5q,2026-04-07 16:06:32.407558,2026-04-07 16:06:33.611374
77,/home/sysadmin/integrity-sync/main/Japanese American Incarceration Materials/heart_mountain/documents/far_microfilm_p29_emi.jpg,Success,"",bafkreigsmqmjwtctnhvk5emup6k2ypeztnnohgare7rniayki6molo4eca,2026-04-07 16:06:33.089832,2026-04-07 16:06:34.225735
78,/home/sysadmin/integrity-sync/main/Japanese American Incarceration Materials/heart_mountain/documents/far_microfilm_p282_okumoto_okuno.jpg,Success,"",bafkreianomjljfvksgzlrs54ls5ne6rgusullmjvts5h2j2srtthoiacby,2026-04-07 16:06:34.391205,2026-04-07 16:06:35.612542
79,/home/sysadmin/integrity-sync/main/Japanese American Incarceration Materials/tule_lake/videos/VIDEO_MANIFEST.txt,Success,"",bafkreih7octp3hfjg6s7ldjlamzzb52kvqcpqs3h6pljmuep7aofs7wsiy,2026-04-07 16:06:37.108899,2026-04-07 16:06:38.247555
80,/home/sysadmin/integrity-sync/main/Japanese American Incarceration Materials/tule_lake/photos/13_albers_birds_eye_construction.jpg,Success,"",bafkreiaujfkly3hmww3hlc5qajeareoidn7wsymfk5rs4iemtx42aftahy,2026-04-07 16:06:38.630754,2026-04-07 16:06:39.796968
81,/home/sysadmin/integrity-sync/main/Japanese American Incarceration Materials/heart_mountain/documents/DOCUMENT_MANIFEST.txt,Success,"",bafkreiag7e7keo7njrws4bqg7f66ouwpnaxx2lfr4vyz7epcv3f4qcpzym,2026-04-07 16:06:39.158603,2026-04-07 16:06:40.817354
82,/home/sysadmin/integrity-sync/main/Japanese American Incarceration Materials/heart_mountain/illustrations/ishigo_at_home_at_heart_mountain.jpg,Success,"",bafkreifowlqfcmnbzbczexfazo4pcuws3h26i2dwaplnigkystzorgyfy4,2026-04-07 16:06:40.057788,2026-04-07 16:06:41.733777
83,/home/sysadmin/integrity-sync/main/Japanese American Incarceration Materials/heart_mountain/illustrations/ishigo_a_baseball_game.jpg,Success,"",bafkreifyc7odoszc6icm6mgs7idakrcaazyi325sosw7usrtsa74g3bkgy,2026-04-07 16:06:40.297269,2026-04-07 16:06:41.794089
85,/home/sysadmin/integrity-sync/main/Japanese American Incarceration Materials/heart_mountain/illustrations/ishigo_boarding_truck_leave.jpg,Success,"",bafkreihjetq5shj5caajyx44umgfxm7oqu563jtm6waoegp66vfptgcaei,2026-04-07 16:06:41.121271,2026-04-07 16:06:42.330187
86,/home/sysadmin/integrity-sync/main/Japanese American Incarceration Materials/heart_mountain/illustrations/ishigo_boys_with_kite.jpg,Success,"",bafkreihtq2vbbu2tzct2ov5q54gwxevxvmsvovk4elmxqi6vf7cdwtewn4,2026-04-07 16:06:41.147398,2026-04-07 16:06:42.730511
84,/home/sysadmin/integrity-sync/main/Japanese American Incarceration Materials/tule_lake/videos/bitter_memories_tule_lake.mp4,Success,"",bafkreiclks3s2ycbuvkj4zkmzy52m2tyv3iurxjgoflsd6wf4lzjxjrs5q,2026-04-07 16:06:40.774831,2026-04-07 16:06:45.743
108,/home/sysadmin/integrity-sync/main/Japanese American Incarceration Materials/heart_mountain/photos/16_highsmith_heart_mountain_landscape.jpg,Success,"",bafkreigtaiarfe7vg5txwpotjxfmi75tgrvh3bct5wgkxzlc6fu5w3oysu,2026-04-07 16:07:01.369621,2026-04-07 16:07:02.316822
87,/home/sysadmin/integrity-sync/main/Japanese American Incarceration Materials/heart_mountain/illustrations/ishigo_bus.jpg,Success,"",bafkreia4ingvydgnxwatjefjpxuwlhs47iso25tviaz6avstabaas664y4,2026-04-07 16:06:41.349935,2026-04-07 16:06:42.921882
88,/home/sysadmin/integrity-sync/main/Japanese American Incarceration Materials/heart_mountain/illustrations/ishigo_the_block_meetings.jpg,Success,"",bafkreifvt3bozxc276ytzfkmqjytysvkoaxqwi4i2hk2e5xt3ewkgepshi,2026-04-07 16:06:41.943663,2026-04-07 16:06:43.301179
89,/home/sysadmin/integrity-sync/main/Japanese American Incarceration Materials/heart_mountain/photos/15_highsmith_guard_tower.jpg,Success,"",bafkreigjvwmydsjrchvbcqvvx6wdokstaiz7xr3f2cilvqkunjs6uplgba,2026-04-07 16:06:42.149397,2026-04-07 16:06:43.311261
90,/home/sysadmin/integrity-sync/main/Japanese American Incarceration Materials/heart_mountain/photos/17_hosokawa_high_school_barracks.jpg,Success,"",bafkreidcdm7lvrpraqnxlca4pi4my23rvnopaydfhcywcq4qn67mggzoau,2026-04-07 16:06:42.6356,2026-04-07 16:06:44.041746
92,/home/sysadmin/integrity-sync/main/Japanese American Incarceration Materials/heart_mountain/photos/21_okumoto_camp_street_barracks.jpg,Success,"",bafkreie44tk7l5tcytd5qbkcqahnkrtnu2tbfewdt6wmi2xggpubkh5mdu,2026-04-07 16:06:44.297986,2026-04-07 16:06:45.278194
109,/home/sysadmin/integrity-sync/main/Japanese American Incarceration Materials/topaz/documents/far_microfilm_p84_kawahara.jpg,Success,"",bafkreia5ozeusu2bfcul776oriw27p3p3mvc4trmmvvbmguufsqlifo43q,2026-04-07 16:07:02.065282,2026-04-07 16:07:03.43811
110,/home/sysadmin/integrity-sync/main/Japanese American Incarceration Materials/heart_mountain/photos/PHOTO_MANIFEST.txt,Success,"",bafkreibpsbch52zdrpqfza5fg4ii4msrm3yj4r7t53dy2prhussegtzvya,2026-04-07 16:07:02.661892,2026-04-07 16:07:04.162412
111,/home/sysadmin/integrity-sync/main/Japanese American Incarceration Materials/topaz/documents/far_microfilm_p98_korematsu.jpg,Success,"",bafkreieciijnr25yjky5pqqjlgl24lkzo35e4pspx5voecqk5s5cfzmwzy,2026-04-07 16:07:02.694312,2026-04-07 16:07:04.33949
94,/home/sysadmin/integrity-sync/main/Japanese American Incarceration Materials/heart_mountain/photos/23_wada_men_barracks_exterior.jpg,Success,"",bafkreigxyqwwyysd5cuj7w2z2zeurs72eozabwsdekpamtmqmvzknwbqh4,2026-04-07 16:06:46.259269,2026-04-07 16:06:47.278082
93,/home/sysadmin/integrity-sync/main/Japanese American Incarceration Materials/tule_lake/videos/kashiwagi_interview_seg23_renunciation.mp4,Success,"",bafkreifbtufu5vzyu3wbrvckp26n54ltsoz4mdlp4nwbehcwwb4adlb34e,2026-04-07 16:06:45.649361,2026-04-07 16:06:47.720142
95,/home/sysadmin/integrity-sync/main/Japanese American Incarceration Materials/heart_mountain/photos/24_wada_mess_hall.jpg,Success,"",bafkreiacfrvtstsjekgcupaqkohub2646gj7b3wcystuehh4j4t6gjuzae,2026-04-07 16:06:46.91307,2026-04-07 16:06:48.05624
96,/home/sysadmin/integrity-sync/main/Japanese American Incarceration Materials/heart_mountain/photos/18_aoyama_gate_arrival.jpg,Success,"",bafkreicmpjezhzll5z76emls6w4hhsgx3q4dnwuyex3ypkrp7i4olclzhi,2026-04-07 16:06:47.267626,2026-04-07 16:06:48.290198
97,/home/sysadmin/integrity-sync/main/Japanese American Incarceration Materials/heart_mountain/photos/22_wada_barracks_heart_mountain.jpg,Success,"",bafkreiagi2ipwbusxgnghf43b4cvq6333qcpt3q2y2hrr7rhoadnqv2ex4,2026-04-07 16:06:47.711954,2026-04-07 16:06:48.827109
112,/home/sysadmin/integrity-sync/main/Japanese American Incarceration Materials/manzanar/documents/04_guard_tower_reference.md,Success,"",bafkreigncismv2phh4hv5ixop7buxfsz3gh6mzlbx4hgpboosp2js3yqbm,2026-04-07 16:07:03.213187,2026-04-07 16:07:04.789091
113,/home/sysadmin/integrity-sync/main/Japanese American Incarceration Materials/manzanar/documents/02_manzanar_riot_reference.md,Success,"",bafkreiaegdngljegpl4hktgbdeq6hxgcymip2oigvwp26jmtgugm2wipc4,2026-04-07 16:07:03.518961,2026-04-07 16:07:04.911729
114,/home/sysadmin/integrity-sync/main/Japanese American Incarceration Materials/manzanar/documents/06_wra_form26_authentication_records.md,Success,"",bafkreie2ymoeo7tg3irzniwopa3xu3glygxwieork6e5rzw2sczllxznfe,2026-04-07 16:07:03.880823,2026-04-07 16:07:05.402903
115,/home/sysadmin/integrity-sync/main/Japanese American Incarceration Materials/manzanar/documents/DOCUMENT_MANIFEST.txt,Success,"",bafkreiarog4nuvshdlf5xeznn6jyxaijxmhxusos6ouq3tysye7zd2mfou,2026-04-07 16:07:04.409778,2026-04-07 16:07:05.420197
116,/home/sysadmin/integrity-sync/main/Japanese American Incarceration Materials/manzanar/documents/07_densho_registry_evidence.html,Success,"",bafkreicfmtnp4xttlvxsriary5zgdv32uafsnkppj25x2pn7zknmkurkde,2026-04-07 16:07:04.545849,2026-04-07 16:07:05.801773
117,/home/sysadmin/integrity-sync/main/Japanese American Incarceration Materials/manzanar/documents/far_microfilm_p111_kunitomi.jpg,Success,"",bafkreigxmnzeun23g32knm6hmsplmicwllzfaqh544bafhavtp5srppqnm,2026-04-07 16:07:05.251357,2026-04-07 16:07:06.348814
118,/home/sysadmin/integrity-sync/main/Japanese American Incarceration Materials/manzanar/documents/far_microfilm_p133_miyatake.jpg,Success,"",bafkreigziu7votvbhrjig6ut25vhs6nb7s6nai47vqsasqjnvvurtzamgq,2026-04-07 16:07:05.515829,2026-04-07 16:07:06.789988
119,/home/sysadmin/integrity-sync/main/Japanese American Incarceration Materials/manzanar/documents/far_microfilm_p227_tanaka.jpg,Success,"",bafkreigegtll3lpkqrbgrf5ixuu4xi5iuwl3g7wsdzg67wlf32er6sbvxm,2026-04-07 16:07:05.913753,2026-04-07 16:07:07.131686
120,/home/sysadmin/integrity-sync/main/Japanese American Incarceration Materials/tanforan/illustrations/OKUBO_ILLUSTRATIONS_MANIFEST.txt,Success,"",bafkreid6j367tvycubhxzuhpgyo7dmjugkvfah6vybfcv7nsoeurpnfkgu,2026-04-07 16:07:06.436729,2026-04-07 16:07:07.328802
121,/home/sysadmin/integrity-sync/main/Japanese American Incarceration Materials/tanforan/illustrations/citizen_13660_gilder_lehrman_educational.pdf,Success,"",bafkreihdojs6qauxe2wf3gy6routdyvhrpspj5arjox4xkitertpdw7dda,2026-04-07 16:07:07.864285,2026-04-07 16:07:09.122951
122,/home/sysadmin/integrity-sync/main/Japanese American Incarceration Materials/tanforan/illustrations/okubo_anti_japanese_slogans_berkeley.jpg,Success,"",bafkreifwn7l4dz5n6e47nbkhyc37sav4d46j55phvsbhblkavazj6ryitm,2026-04-07 16:07:08.635538,2026-04-07 16:07:09.810445
123,/home/sysadmin/integrity-sync/main/Japanese American Incarceration Materials/tanforan/illustrations/okubo_assemble_cots_tanforan.jpg,Success,"",bafkreifh3uhjsr2ythnvszos4f7lnlr367bkpksgzkmasefzfxrsjg7jnu,2026-04-07 16:07:09.832748,2026-04-07 16:07:10.967293
124,/home/sysadmin/integrity-sync/main/Japanese American Incarceration Materials/topaz/documents/far_microfilm_p41_harano.jpg,Success,"",bafkreiegpyffh25occtvgpxsaxzk5tun77vqtjofkalcstc23ntcqi3xfy,2026-04-07 16:07:10.381469,2026-04-07 16:07:12.496734
125,/home/sysadmin/integrity-sync/main/Japanese American Incarceration Materials/tanforan/illustrations/okubo_bathing_tubs_tanforan.jpg,Success,"",bafkreigknt6ynf36yksdj2sx7krl4ygs6kilfsmfuwolcrw5trtyel4oka,2026-04-07 16:07:10.726389,2026-04-07 16:07:13.623978
127,/home/sysadmin/integrity-sync/main/Japanese American Incarceration Materials/tanforan/illustrations/okubo_boarding_train_tanforan.jpg,Success,"",bafkreibuvzasmohybwi2jw3c4xi4l3khgxv6enzpsq5s5eaxmjzwit6tuu,2026-04-07 16:07:11.107273,2026-04-07 16:07:13.642031
128,/home/sysadmin/integrity-sync/main/Japanese American Incarceration Materials/tanforan/illustrations/okubo_building_furniture_tanforan.jpg,Success,"",bafkreiamkqtc4sp7l2z7x2pihu45auvtsorxi2r53dusw5h6532fltmsoa,2026-04-07 16:07:11.236406,2026-04-07 16:07:13.653036
91,/home/sysadmin/integrity-sync/main/Japanese American Incarceration Materials/heart_mountain/photos/20_okumoto_barracks_exterior.jpg,Success,"",bafkreib3uo5exth3v7zbxfnknqit5vzijo5ij3gczotieqt4th53gk3rme,2026-04-07 16:06:43.312058,2026-04-07 16:06:44.289892
98,/home/sysadmin/integrity-sync/main/Japanese American Incarceration Materials/tanforan/documents/DOCUMENT_MANIFEST.txt,Success,"",bafkreidv4cw3hmted3rvqx423k3dhgjt3osetauj5ya2mewfk7xcjv3ddi,2026-04-07 16:06:48.531257,2026-04-07 16:06:49.70971
99,/home/sysadmin/integrity-sync/main/Japanese American Incarceration Materials/tanforan/documents/08_densho_registry_evidence.html,Success,"",bafkreigh6djr4sm6ncl4bttpdsyicdtnqldvds3mffoce6p2iyxou3ivyy,2026-04-07 16:06:48.655287,2026-04-07 16:06:49.837822
100,/home/sysadmin/integrity-sync/main/Japanese American Incarceration Materials/tanforan/documents/far_microfilm_topaz_p235_uchida.jpg,Success,"",bafkreibjaggdvontdbf5ng5v3zgokaaf7tc5t5xy5cz6mb4kzlpjrr7sey,2026-04-07 16:06:49.199976,2026-04-07 16:06:50.295384
101,/home/sysadmin/integrity-sync/main/Japanese American Incarceration Materials/tanforan/documents/far_microfilm_topaz_p84_kawahara.jpg,Success,"",bafkreia5ozeusu2bfcul776oriw27p3p3mvc4trmmvvbmguufsqlifo43q,2026-04-07 16:06:49.296595,2026-04-07 16:06:50.695199
102,/home/sysadmin/integrity-sync/main/Japanese American Incarceration Materials/heart_mountain/testimonies/TESTIMONY_MANIFEST.txt,Success,"",bafkreiagefzzpakv46kvtlg2xjo5vjcgs4yjrhzr2esfhvsu3uet4xd6oy,2026-04-07 16:06:49.858781,2026-04-07 16:06:51.06223
103,/home/sysadmin/integrity-sync/main/Japanese American Incarceration Materials/topaz/documents/05_wra_form26_authentication_records.md,Success,"",bafkreieh7utiiybbol5nayycslikjrckcjnvr4644m3tgi4c34w4ba3yoe,2026-04-07 16:06:51.430548,2026-04-07 16:06:52.288338
104,/home/sysadmin/integrity-sync/main/Japanese American Incarceration Materials/heart_mountain/testimonies/quote_bank.txt,Success,"",bafkreif6y6edo4c2j5cfmrygjhq2ljuvndct6kpktwl7wkzqjwxhafm2k4,2026-04-07 16:06:51.890984,2026-04-07 16:06:53.06326
105,/home/sysadmin/integrity-sync/main/Japanese American Incarceration Materials/topaz/documents/DOCUMENT_MANIFEST.txt,Success,"",bafkreicc2fyry4re4zryuj4ej5ulsqchnmfmm5wcdcekzau4y5kwordi24,2026-04-07 16:06:54.54216,2026-04-07 16:06:55.750194
106,/home/sysadmin/integrity-sync/main/Japanese American Incarceration Materials/topaz/documents/far_microfilm_p235_uchida.jpg,Success,"",bafkreibjaggdvontdbf5ng5v3zgokaaf7tc5t5xy5cz6mb4kzlpjrr7sey,2026-04-07 16:06:55.62292,2026-04-07 16:06:56.781802
107,/home/sysadmin/integrity-sync/main/Japanese American Incarceration Materials/topaz/documents/far_microfilm_p240_wakasa_damaged.jpg,Success,"",bafkreibxd5v3wprdbuvhwr4bfe2tz2v6dhai2ffx4pbv424ljhsdfposeu,2026-04-07 16:06:56.299527,2026-04-07 16:06:57.705206
126,/home/sysadmin/integrity-sync/main/Japanese American Incarceration Materials/topaz/documents/06_densho_registry_evidence.html,Success,"",bafkreihh7ecwizze2lfknzfqnby3lmnted73gituomg3rptu2cnhbfsetq,2026-04-07 16:07:10.8111,2026-04-07 16:07:13.632549
129,/home/sysadmin/integrity-sync/main/Japanese American Incarceration Materials/tanforan/illustrations/okubo_community_toilets_tanforan.jpg,Success,"",bafkreieq5e3fkfcvcqqt2ga4m2tfbqm26g3iu7vbvlldwy7252qtrridma,2026-04-07 16:07:11.36282,2026-04-07 16:07:13.667258
130,/home/sysadmin/integrity-sync/main/Japanese American Incarceration Materials/manzanar/documents/far_microfilm_p249_wakatsuki.jpg,Success,"",bafkreichdzcvjotwnafaycorzje6hbvmo722cfhvyw5iafydi7qc6fwxnu,2026-04-07 16:07:11.641843,2026-04-07 16:07:13.683039
131,/home/sysadmin/integrity-sync/main/Japanese American Incarceration Materials/tanforan/illustrations/okubo_laundry_tanforan.jpg,Success,"",bafkreibaktnhqjrlnuvkd46hg64houjxo7etammrw7yhmwvsy32fjnl4jm,2026-04-07 16:07:11.724304,2026-04-07 16:07:13.699618
132,/home/sysadmin/integrity-sync/main/Japanese American Incarceration Materials/tanforan/illustrations/okubo_policeman_tanforan.jpg,Success,"",bafkreihdnqwuv7inco37sd3p6ju6axixhqiz6lc7pppgwf27hprkhlmnbe,2026-04-07 16:07:11.907964,2026-04-07 16:07:13.840477
133,/home/sysadmin/integrity-sync/main/Japanese American Incarceration Materials/tanforan/illustrations/okubo_rooftop_observation_tanforan.jpg,Success,"",bafkreibhgdsdcfdft2omuqnye4lwpbx5rvps45ybmuotvbgaqxadgyjzju,2026-04-07 16:07:11.921707,2026-04-07 16:07:14.565933
134,/home/sysadmin/integrity-sync/main/Japanese American Incarceration Materials/tanforan/illustrations/okubo_sweep_stall_tanforan.jpg,Success,"",bafkreiakw5akhegfusw272vnpm7bejhn43e7q5cubni2msp2tgrd4rkc5y,2026-04-07 16:07:12.243878,2026-04-07 16:07:14.572913
135,/home/sysadmin/integrity-sync/main/Japanese American Incarceration Materials/tanforan/illustrations/okubo_washrooms_tanforan.jpg,Success,"",bafkreig5yhdjeyq2gsghguqanijmk2nf4tbpwwdshq45cnsibcsvxkvuia,2026-04-07 16:07:12.444875,2026-04-07 16:07:14.579731
136,/home/sysadmin/integrity-sync/main/Japanese American Incarceration Materials/tanforan/illustrations/okubo_train_tanforan_to_topaz.jpg,Success,"",bafkreigvuh364jxr26ifvd2uva3wbtnuifrb5v4thigywmt4igryv5ylhi,2026-04-07 16:07:12.586109,2026-04-07 16:07:14.595645
137,/home/sysadmin/integrity-sync/main/Japanese American Incarceration Materials/tanforan/illustrations/okubo_waiting_vaccinations_tanforan.jpg,Success,"",bafkreibeg2ei3iuyhct5knzwdjeqrygjfayvoizqvgiym5hagyldqn7tfy,2026-04-07 16:07:12.79805,2026-04-07 16:07:14.617291
138,/home/sysadmin/integrity-sync/main/Japanese American Incarceration Materials/topaz/illustrations/OKUBO_ILLUSTRATIONS_MANIFEST.txt,Success,"",bafkreiggdprdtixjobklu5gh3orssrcld4ohbe4o2fe6qahciyan3fuhmu,2026-04-07 16:07:13.0573,2026-04-07 16:07:14.623946
139,/home/sysadmin/integrity-sync/main/Japanese American Incarceration Materials/topaz/illustrations/obata_topaz_landscape.jpg,Success,"",bafkreihykhi2vrasnswggk63gbxxklkdjmbj5lisev3yqqpwfmnz7gwab4,2026-04-07 16:07:13.141824,2026-04-07 16:07:14.637349
140,/home/sysadmin/integrity-sync/main/Japanese American Incarceration Materials/topaz/illustrations/obata_topaz_newmoon.jpg,Success,"",bafkreihwokz5t2v6q2vz3n47zlqhb7fbyncdfbo4elnr5bdou6pxr52owy,2026-04-07 16:07:13.465856,2026-04-07 16:07:14.666868
141,/home/sysadmin/integrity-sync/main/Japanese American Incarceration Materials/topaz/illustrations/okubo_arrival_topaz.jpg,Success,"",bafkreie4acybshtzy24kcvie2qtxmv3yyj7ahxrp2ozezzjsh6xvzzs5te,2026-04-07 16:07:13.693151,2026-04-07 16:07:15.018337
142,/home/sysadmin/integrity-sync/main/Japanese American Incarceration Materials/topaz/illustrations/okubo_boarding_bus_topaz.jpg,Success,"",bafkreicbckbsi4qgtn5ootlrcei2c3ljqporz7neyjmmubhvh27yy4ajde,2026-04-07 16:07:14.035985,2026-04-07 16:07:15.478956
143,/home/sysadmin/integrity-sync/main/Japanese American Incarceration Materials/topaz/illustrations/okubo_barrack_interior_topaz.jpg,Success,"",bafkreiff2kit6mxv7qopjrjplnvi5hbbkcij2vfnybbc5ja2zph5n3o4dy,2026-04-07 16:07:14.051151,2026-04-07 16:07:15.486385
144,/home/sysadmin/integrity-sync/main/Japanese American Incarceration Materials/topaz/illustrations/okubo_dust_storm_topaz.jpg,Success,"",bafkreif7noar3jqulk5k43old4sfbdtixqxnjf227wvciuljcvw3yeeo3i,2026-04-07 16:07:14.288124,2026-04-07 16:07:15.498153
145,/home/sysadmin/integrity-sync/main/Japanese American Incarceration Materials/topaz/illustrations/okubo_hospital_topaz.jpg,Success,"",bafkreihuyghk2lresdy5c4n5of5enr7ggzv4eknt4gmupl5pjy3klzlmai,2026-04-07 16:07:14.84818,2026-04-07 16:07:16.001854
147,/home/sysadmin/integrity-sync/main/Japanese American Incarceration Materials/topaz/illustrations/okubo_wakasa_memorial_topaz.jpg,Success,"",bafkreihnxyzgbbtfnz36pva262gn7yjsno7cuqt7xuqembm5hgxwxx5qke,2026-04-07 16:07:15.752329,2026-04-07 16:07:16.864334
146,/home/sysadmin/integrity-sync/main/Japanese American Incarceration Materials/topaz/illustrations/okubo_overcrowding_topaz.jpg,Success,"",bafkreibzzmb4etrhsnflzdnkt2m3ohio4sfsqhoj6dmt44abtfglkd7yuu,2026-04-07 16:07:14.998095,2026-04-07 16:07:16.362193
148,/home/sysadmin/integrity-sync/main/Japanese American Incarceration Materials/topaz/illustrations/okubo_winter_topaz.jpg,Success,"",bafkreievjuzprexeae325oy47j3ggixadckfa77vkh6f6agccxtbq7fubi,2026-04-07 16:07:16.663912,2026-04-07 16:07:17.876267
149,/home/sysadmin/integrity-sync/main/Japanese American Incarceration Materials/tanforan/maps/01_plot_plan.jpg,Success,"",bafkreifyvlaxihxtx5575lkqlghvlkqtddvh6q5xh3htcmrsvswcgtyaxi,2026-04-07 16:07:17.310585,2026-04-07 16:07:18.366048
150,/home/sysadmin/integrity-sync/main/Japanese American Incarceration Materials/tanforan/maps/02_camp_newspaper_map.jpg,Success,"",bafkreigffj7s6nax7mvorldxyj6rdkm6kzcoirahe657yyzlzupymms4zu,2026-04-07 16:07:18.024681,2026-04-07 16:07:19.426004
151,/home/sysadmin/integrity-sync/main/Japanese American Incarceration Materials/topaz/illustrations/okubo_mochi_topaz.jpg,Success,"",bafkreiamgag6c4k2wwfc37amishuqeso3gngeci742mcsylqv4vf22axr4,2026-04-07 16:07:18.141006,2026-04-07 16:07:19.44278
152,/home/sysadmin/integrity-sync/main/Japanese American Incarceration Materials/tanforan/maps/03_historical_status_card.jpg,Success,"",bafkreicsd6lbjuyeojqi3zskyl3gawkbm2d6hbglhehmadzu5e43qn3wgi,2026-04-07 16:07:18.618856,2026-04-07 16:07:19.461275
153,/home/sysadmin/integrity-sync/main/Japanese American Incarceration Materials/tanforan/maps/04_aerial_oblique_NPS.jpg,Success,"",bafkreifz47jtsipkyoczf7yzagwv2kxrb25gicyn5zdsfmzjnlyikmmsmm,2026-04-07 16:07:18.923841,2026-04-07 16:07:19.958861
155,/home/sysadmin/integrity-sync/main/Japanese American Incarceration Materials/topaz/illustrations/okubo_victory_gardens_topaz.jpg,Success,"",bafkreicb3zzbhzx7v42xhlbxjwqw67gjry2qnc3wkuiou7lhnqvt75ohiq,2026-04-07 16:07:23.551297,2026-04-07 16:07:24.422785
157,/home/sysadmin/integrity-sync/main/Japanese American Incarceration Materials/tanforan/maps/MAP_MANIFEST.txt,Success,"",bafkreia4nkd2qifefdllgvoro6h65sk4kwcnmob7hkleyh7gm6groszazi,2026-04-07 16:07:24.133854,2026-04-07 16:07:25.585979
154,/home/sysadmin/integrity-sync/main/Japanese American Incarceration Materials/tanforan/maps/05_sanborn_1925_san_bruno_sheet1.tif,Success,"",bafkreiflgdrf52mppmdq22bkeha3dsali5qrbpohfh3p6sbchrlvrmsnce,2026-04-07 16:07:23.424646,2026-04-07 16:07:31.639
156,/home/sysadmin/integrity-sync/main/Japanese American Incarceration Materials/tanforan/maps/06_sanborn_1925_san_bruno_sheet2.tif,Success,"",bafkreiffaffpaxlybpmfcukfwhdhhmbbz4d7ztqeg2zshqp7zwborcpekm,2026-04-07 16:07:23.601234,2026-04-07 16:07:31.722344
178,/home/sysadmin/integrity-sync/main/Japanese American Incarceration Materials/tanforan/photos/06_departure_for_topaz.jpg,Success,"",bafkreiame676bnq4lwiyboxvopgdmhszimbf2psgrpls23p52dzrpu37ye,2026-04-07 16:07:32.573636,2026-04-07 16:07:37.853869
180,/home/sysadmin/integrity-sync/main/Japanese American Incarceration Materials/tanforan/photos/09_american_flag_exterior.jpg,Success,"",bafkreiar4ptmglsbjnegqvzw4fvt6sfiteoadeuf5j7ukxb4senbhbvgrq,2026-04-07 16:07:33.116806,2026-04-07 16:07:37.893999
181,/home/sysadmin/integrity-sync/main/Japanese American Incarceration Materials/tanforan/photos/08_guard_tower_boundary.jpg,Success,"",bafkreiatfakeym3m7zkpj4g4pczqjaufdy3wlcbfdorfvrrupd2dpzecwu,2026-04-07 16:07:33.449833,2026-04-07 16:07:37.901363
183,/home/sysadmin/integrity-sync/main/Japanese American Incarceration Materials/tanforan/photos/12_voting_rights.jpg,Success,"",bafkreie2vlgtrsys76mju64255yt6s3iemu7uqpip2f7unqajjhyfvdnt4,2026-04-07 16:07:33.862063,2026-04-07 16:07:37.935316
184,/home/sysadmin/integrity-sync/main/Japanese American Incarceration Materials/tanforan/photos/11_art_classes.jpg,Success,"",bafkreicr37mni7rs3h56egadkr77ntdtuggdvcaqn3exkjpf52p6pcqifa,2026-04-07 16:07:34.036745,2026-04-07 16:07:37.944261
185,/home/sysadmin/integrity-sync/main/Japanese American Incarceration Materials/tanforan/photos/10_artist_sketching.jpg,Success,"",bafkreie7blq62ackzsieu5kitrgzmvnm32xxdil3c2t4g3waeynfoaum3e,2026-04-07 16:07:34.108727,2026-04-07 16:07:37.957025
186,/home/sysadmin/integrity-sync/main/Japanese American Incarceration Materials/tanforan/photos/13_berkeley_departure.jpg,Success,"",bafkreih3ckgbx7vpdagyeefasrtbkzofampf7k7gugxjjxjjrsb6ujanpy,2026-04-07 16:07:34.2118,2026-04-07 16:07:37.969029
188,/home/sysadmin/integrity-sync/main/Japanese American Incarceration Materials/tanforan/photos/15_entraining.jpg,Success,"",bafkreiemd3a3c3cqopk56and4smxtwimjefbm72bkkuw2aef3qxwei2sbm,2026-04-07 16:07:34.583549,2026-04-07 16:07:38.328107
189,/home/sysadmin/integrity-sync/main/Japanese American Incarceration Materials/tanforan/photos/16_wra_old_man_sitting_C584.webp,Success,"",bafkreih666uplur57jtmrmeno6udvjm6legyx4lidpezgpa4o5zjvwwnxi,2026-04-07 16:07:34.753832,2026-04-07 16:07:38.354007
190,/home/sysadmin/integrity-sync/main/Japanese American Incarceration Materials/tanforan/photos/17_densho_151_30_tanforan.jpg,Success,"",bafkreidx5lj7jem7s3cxlluxy4vqfst3qnespn3gpuaif5rm2uzs6ihlgy,2026-04-07 16:07:34.882734,2026-04-07 16:07:38.360168
192,/home/sysadmin/integrity-sync/main/Japanese American Incarceration Materials/tanforan/photos/18_lange_barracks_with_flowers.jpg,Success,"",bafkreidwgugx6wolzl3bywvzuth2x6qyev54n65uvqqa3p4oi2w2nas4cy,2026-04-07 16:07:35.301643,2026-04-07 16:07:38.371578
193,/home/sysadmin/integrity-sync/main/Japanese American Incarceration Materials/tanforan/photos/34_lange_another_view_of_the_barracks_at_the_tanf_cubanc_43_1_01236142a_001_ii.jpg,Success,"",bafkreic6e3l7eilatmcx6a3erngodpa7pfnr4assvci5v6ujmptcpxvowe,2026-04-07 16:07:35.377856,2026-04-07 16:07:38.381154
196,/home/sysadmin/integrity-sync/main/Japanese American Incarceration Materials/tanforan/photos/lange_hayward_mochida_children_tags.jpg,Success,"",bafkreih4jsuldovievwugvgvqkdj57b7gs33eo7gqpuvl4a22jt2vzsd24,2026-04-07 16:07:35.98779,2026-04-07 16:07:38.492788
195,/home/sysadmin/integrity-sync/main/Japanese American Incarceration Materials/tanforan/photos/PHOTO_MANIFEST.txt,Success,"",bafkreibnifukrua3r4lnw6cz4vlk6p3tk6wpeimp7aghnqn3tvgq4qisr4,2026-04-07 16:07:35.923509,2026-04-07 16:07:38.58123
197,/home/sysadmin/integrity-sync/main/Japanese American Incarceration Materials/tanforan/photos/lange_sf_evacuees_control_station.jpg,Success,"",bafkreicaymiukmkycq3hy4q6gp5fj3goxqnb6tmxb2hlar24vripnjjfie,2026-04-07 16:07:36.109435,2026-04-07 16:07:38.587322
198,"/home/sysadmin/integrity-sync/main/Japanese American Incarceration Materials/tanforan/photos/June 16, 1942 San Bruno, California. Supper time!.webp",Success,"",bafkreicm5cju4bqx7lol3hx7qwm6ainvefxmeauoh3wh54w3y2sg6pjtcq,2026-04-07 16:07:36.148793,2026-04-07 16:07:38.594967
199,/home/sysadmin/integrity-sync/main/Japanese American Incarceration Materials/tanforan/photos/lange_sf_weill_school_pledge.jpg,Success,"",bafkreibwbikzjeddguj7p26rwd35i4mdof7juvvg3e6u2d4vvjb3vk54jm,2026-04-07 16:07:36.53805,2026-04-07 16:07:38.596687
200,/home/sysadmin/integrity-sync/main/Japanese American Incarceration Materials/tanforan/photos/lange_sf_tatsuno_family_packing.jpg,Success,"",bafkreie2pviq6qusae4obueb7wrsdasdjmkbushhwjyez22jn3tpxiwtiq,2026-04-07 16:07:36.881822,2026-04-07 16:07:38.603608
201,/home/sysadmin/integrity-sync/main/Japanese American Incarceration Materials/manzanar/photos/01_adams_from_guard_tower_west.jpg,Success,"",bafkreigvfj4gumsjfgwlkwvb2grlugzs6xjjykq4b65valr64yoryjdl4i,2026-04-07 16:07:36.947481,2026-04-07 16:07:39.63633
254,/home/sysadmin/integrity-sync/main/Japanese American Incarceration Materials/topaz/videos/korematsu_full_interview/korematsu_seg03.mp4,Success,"",bafkreicpnqqs7duyer3r22fkeizvtsgz3do7naq2i3l2jxij3sty32cf3a,2026-04-07 16:07:59.923218,2026-04-07 16:08:03.73411
255,/home/sysadmin/integrity-sync/main/Japanese American Incarceration Materials/topaz/videos/korematsu_full_interview/korematsu_seg07.mp4,Success,"",bafkreidvmkfunug2zz2qos47bwxiqqsy3rn332lxrlhx4th3bvbnheopq4,2026-04-07 16:08:01.813697,2026-04-07 16:08:04.704015
158,/home/sysadmin/integrity-sync/main/Japanese American Incarceration Materials/manzanar/maps/02_npmaps_official_layout.jpg,Success,"",bafkreiesxpdj2dwgwutw5knikjqwktjqzomeq6tzeu6cwqwnamvyknx5ta,2026-04-07 16:07:25.08337,2026-04-07 16:07:26.518976
159,/home/sysadmin/integrity-sync/main/Japanese American Incarceration Materials/manzanar/maps/03_npmaps_historical_1944.gif,Success,"",bafkreigf2swd5xlplrvvspdz65pk6nsqqii7rib45tonlfbre6midejj6a,2026-04-07 16:07:25.677643,2026-04-07 16:07:27.297793
160,/home/sysadmin/integrity-sync/main/Japanese American Incarceration Materials/manzanar/maps/04_npmaps_block_layout.gif,Success,"",bafkreidkrsiefnn6hwzzvnljgm5phvsufwqw6hsuos6afocyhwbc3axlqq,2026-04-07 16:07:26.224779,2026-04-07 16:07:27.553096
256,/home/sysadmin/integrity-sync/main/Japanese American Incarceration Materials/topaz/videos/korematsu_full_interview/korematsu_seg05.mp4,Success,"",bafkreic3otafhhauajshulkf6hp6dea3ruyxvq5plguniv2w5yrkc4anji,2026-04-07 16:08:01.937074,2026-04-07 16:08:06.592705
258,/home/sysadmin/integrity-sync/main/Japanese American Incarceration Materials/topaz/videos/korematsu_full_interview/korematsu_seg09.mp4,Success,"",bafkreiamojfx57ywgenepmspnqsw4lzcttkdrida3rhbi7ytqhc6evxoc4,2026-04-07 16:08:03.71786,2026-04-07 16:08:06.59993
262,/home/sysadmin/integrity-sync/main/Japanese American Incarceration Materials/topaz/videos/korematsu_full_interview/korematsu_seg11.mp4,Success,"",bafkreidvsedpxvzhmvjfcjh3vdk6h6kclrpiyiqquv5vyyrn5txacqv4xq,2026-04-07 16:08:05.725807,2026-04-07 16:08:08.85117
261,/home/sysadmin/integrity-sync/main/Japanese American Incarceration Materials/topaz/videos/korematsu_full_interview/korematsu_seg10.mp4,Success,"",bafkreiccujoemdqhf6w6jfteqp3asov6dsarnrmei5zcxfpin5uzdiboli,2026-04-07 16:08:05.501652,2026-04-07 16:08:09.606036
260,/home/sysadmin/integrity-sync/main/Japanese American Incarceration Materials/topaz/videos/korematsu_full_interview/korematsu_seg08.mp4,Success,"",bafkreihsj3femyjlbbrdo7xaz46jvcblombr32gl6hphabdw3lc5t5o37e,2026-04-07 16:08:05.281915,2026-04-07 16:08:10.461009
257,/home/sysadmin/integrity-sync/main/Japanese American Incarceration Materials/topaz/videos/korematsu_full_interview/korematsu_seg04.mp4,Success,"",bafkreifgzmgucvgyvjbfu2s36fa2tfbubbkpndbe5qha57e2ilqn5hdpfe,2026-04-07 16:08:03.027642,2026-04-07 16:08:10.610129
259,/home/sysadmin/integrity-sync/main/Japanese American Incarceration Materials/topaz/videos/korematsu_full_interview/korematsu_seg06.mp4,Success,"",bafkreic5bnzuegkdvxplt3imxxcwcggbqgivhlw3vzam5rgrj7fumvmsxq,2026-04-07 16:08:04.770467,2026-04-07 16:08:11.486462
161,/home/sysadmin/integrity-sync/main/Japanese American Incarceration Materials/topaz/illustrations/obata_topaz_pencil_drawing.jpg,Success,"",bafkreidtd3ewvtukpcozsarcdeay3ej6rqmun2b7vxirkv4euox3zoftlu,2026-04-07 16:07:27.25462,2026-04-07 16:07:30.061191
162,/home/sysadmin/integrity-sync/main/Japanese American Incarceration Materials/manzanar/maps/MAP_MANIFEST.txt,Success,"",bafkreicoerzrsdoav3bqjevuiysbefpalahwgmwabcczapbw6t6avfrudq,2026-04-07 16:07:27.949091,2026-04-07 16:07:31.58176
164,/home/sysadmin/integrity-sync/main/Japanese American Incarceration Materials/topaz/newspapers/NEWSPAPER_MANIFEST.txt,Success,"",bafkreiexntz25muzy7cochgwngurcspvnsihmaq2mkcsbwh5dht4kvmvc4,2026-04-07 16:07:28.549119,2026-04-07 16:07:31.639152
163,/home/sysadmin/integrity-sync/main/Japanese American Incarceration Materials/manzanar/maps/05_nps_brochure_map.pdf,Success,"",bafkreigc6hzj2zglznbq5mq22p7zylw6tarzazd2hankl5nfksyoaubh7q,2026-04-07 16:07:28.205825,2026-04-07 16:07:31.653942
166,"/home/sysadmin/integrity-sync/main/Japanese American Incarceration Materials/topaz/newspapers/Topaz Times April 12, 1943 Wakasa Shooting Page1.pdf",Success,"",bafkreifo4ueij5uoallqg7hshkc2apb75pghgvlqiuz7vpxsmf5d6zmyra,2026-04-07 16:07:29.355537,2026-04-07 16:07:31.664482
167,"/home/sysadmin/integrity-sync/main/Japanese American Incarceration Materials/topaz/newspapers/Topaz Times April 12, 1943 Wakasa Shooting Page2.pdf",Success,"",bafkreier3ifqxvrtj5i2xxg3jgwwehx6xbhszn2rl3tn4tkmxrl5w562h4,2026-04-07 16:07:29.740182,2026-04-07 16:07:31.687715
168,"/home/sysadmin/integrity-sync/main/Japanese American Incarceration Materials/topaz/newspapers/Topaz Times April 13, 1943 Wakasa Shooting Page1.pdf",Success,"",bafkreigmgdujqp6wqef3gnvwz6mxxbb3arki2hroprm24u6gv5kctzmzbm,2026-04-07 16:07:29.774878,2026-04-07 16:07:31.759347
169,"/home/sysadmin/integrity-sync/main/Japanese American Incarceration Materials/topaz/newspapers/Topaz Times April 15, 1943 Wakasa Shooting Page1.pdf",Success,"",bafkreibw7xezst6h6dsiq7ipsej3mywi6ongcatkgz6tugdhoeuykyo2fe,2026-04-07 16:07:30.329046,2026-04-07 16:07:32.468065
170,"/home/sysadmin/integrity-sync/main/Japanese American Incarceration Materials/topaz/newspapers/Topaz Times April 16, 1943 Wakasa Shooting Page1.pdf",Success,"",bafkreigs4jhzlryzcivzocxh56x2f4suewvfsl6vqon2mwtk5ct7aug4qa,2026-04-07 16:07:30.544326,2026-04-07 16:07:32.468165
172,"/home/sysadmin/integrity-sync/main/Japanese American Incarceration Materials/topaz/newspapers/Topaz Times April 20, 1943 Wakasa Shooting Page1 EXTRA EDITION.pdf",Success,"",bafkreicrtjob4r6ehrldqabqayf5ukdmi3h7zmfqw3nrndw2lwkogv7zc4,2026-04-07 16:07:31.141246,2026-04-07 16:07:33.382723
173,/home/sysadmin/integrity-sync/main/Japanese American Incarceration Materials/tanforan/photos/02_construction_from_grandstand.jpg,Success,"",bafkreif4k366eety7jwlj3nq7oub3u7bhetm3motnkay26p7pin4wgloii,2026-04-07 16:07:31.701919,2026-04-07 16:07:34.577343
174,"/home/sysadmin/integrity-sync/main/Japanese American Incarceration Materials/topaz/newspapers/Topaz Times April 20, 1943 Wakasa Shooting Page1 FIRST EDITION.pdf",Success,"",bafkreictb2sg4qdwfbdgoy2ln7olm7zpoeiucu6homogpbw3aua6ds2sdm,2026-04-07 16:07:31.890525,2026-04-07 16:07:36.005914
175,/home/sysadmin/integrity-sync/main/Japanese American Incarceration Materials/tanforan/photos/03_family_porch_horse_stall.jpg,Success,"",bafkreiakng4bc642mzglbk6gm7hnej6vstdgwpzpshscrqafkrkpt5rllq,2026-04-07 16:07:31.999898,2026-04-07 16:07:37.841063
176,/home/sysadmin/integrity-sync/main/Japanese American Incarceration Materials/tanforan/photos/05_arrival_sorting_luggage.jpg,Success,"",bafkreiek5cke2dgwsoup4qp6an3gwrpwtk32np5vqzrkdji72ngtzhbdtq,2026-04-07 16:07:32.47462,2026-04-07 16:07:37.847194
177,/home/sysadmin/integrity-sync/main/Japanese American Incarceration Materials/tanforan/photos/04_grandstand_admin_building.jpg,Success,"",bafkreiecmuvzebwhpaujzwjeuseax47zuebgz2zvtovx53ejlonky3pfq4,2026-04-07 16:07:32.56466,2026-04-07 16:07:37.866624
165,/home/sysadmin/integrity-sync/main/Japanese American Incarceration Materials/tanforan/maps/07_sanborn_1949_san_bruno_sheet1.tif,Success,"",bafkreiehenyy6k7whhvgvyzoxttacl22ooiidjhlt3l36mppzs3np5tbxa,2026-04-07 16:07:28.742711,2026-04-07 16:07:37.980206
171,/home/sysadmin/integrity-sync/main/Japanese American Incarceration Materials/heart_mountain/videos/days_of_waiting_estelle_ishigo_1990.mp4,Success,"",bafkreigjnhs2w7tjilofjcsmdhgxclt2dvziukcog2obu3b2nyynxv4poa,2026-04-07 16:07:30.647787,2026-04-07 16:07:38.443757
179,/home/sysadmin/integrity-sync/main/Japanese American Incarceration Materials/tanforan/photos/07_guard_watchtower.jpg,Success,"",bafkreibip2rhpluq2gwf52ra56flsy4gmtk2w3s5id43fmt2ahdho42uma,2026-04-07 16:07:33.014155,2026-04-07 16:07:37.885207
182,"/home/sysadmin/integrity-sync/main/Japanese American Incarceration Materials/topaz/newspapers/Topaz Times April 17, 1943 Wakasa Shooting Page1.pdf",Success,"",bafkreifixcq3wpfon4vqf7lhvrhzysst7glkhqljlhhnhp6dfmraq6mcvu,2026-04-07 16:07:33.655363,2026-04-07 16:07:37.910323
187,/home/sysadmin/integrity-sync/main/Japanese American Incarceration Materials/tanforan/photos/14_boarding_train.jpg,Success,"",bafkreic67vcdk4ajvgrm2tixnadilfe7qhyfmtfm23x67xsebrudxr5xzm,2026-04-07 16:07:34.495326,2026-04-07 16:07:38.338313
191,/home/sysadmin/integrity-sync/main/Japanese American Incarceration Materials/tanforan/photos/19_lange_cubanc_43_1_00497199a_001_ii.jpg,Success,"",bafkreiekrxg4tghlqiwb5q4mbwynxn53felm4wuah5jdv6j6ycloyscmri,2026-04-07 16:07:35.276232,2026-04-07 16:07:38.366892
194,"/home/sysadmin/integrity-sync/main/Japanese American Incarceration Materials/tanforan/photos/April 29, 1942 — Tanforan Assembly center, San Bruno, California. Barracks for family living quarters. Each door enters into a family unit of two small rooms..webp",Success,"",bafkreihhfbefjpm4xh5qi5tiuyyx53agvkmv5h6qgoouar2wco4go7paxe,2026-04-07 16:07:35.440554,2026-04-07 16:07:38.388511
202,/home/sysadmin/integrity-sync/main/Japanese American Incarceration Materials/tanforan/photos/uchida_yoshiko_portrait.jpg,Success,"",bafkreib7az3tiv2koop7q6a45islulbd3crsqigh3r47uivvi2t5x3c2uu,2026-04-07 16:07:37.01298,2026-04-07 16:07:39.763025
203,/home/sysadmin/integrity-sync/main/Japanese American Incarceration Materials/manzanar/photos/04_adams_street_barracks.jpg,Success,"",bafkreialaszu4sywsdtmupccocbty2a6pq7phwqhpxxpgg6ewi4vheinri,2026-04-07 16:07:37.495417,2026-04-07 16:07:39.767975
204,/home/sysadmin/integrity-sync/main/Japanese American Incarceration Materials/manzanar/photos/03_adams_guard_tower_view_west_neg.jpg,Success,"",bafkreieqkgwldftpbtq34tq3fo73efo6f6qvf4i4jeb3eujqn4eonyc73q,2026-04-07 16:07:37.549838,2026-04-07 16:07:39.778544
206,/home/sysadmin/integrity-sync/main/Japanese American Incarceration Materials/manzanar/photos/06_adams_mt_williamson.jpg,Success,"",bafkreibxwv2sdjshx52pprrbs5jpkl2wjmfiyjjv4or43icztxs34w2wwa,2026-04-07 16:07:37.986773,2026-04-07 16:07:39.783657
205,/home/sysadmin/integrity-sync/main/Japanese American Incarceration Materials/manzanar/photos/05_lange_dust_storm.jpg,Success,"",bafkreibkjcrmfeiat7qgyj3fvmqx66ro5fuxqyfe7ehrrycyjz26mzhtiy,2026-04-07 16:07:37.967405,2026-04-07 16:07:39.788259
207,/home/sysadmin/integrity-sync/main/Japanese American Incarceration Materials/manzanar/photos/07_adams_cemetery_monument.jpg,Success,"",bafkreibsoqtyws7hwdy2bydpsosz5ygf5bab3x55ysawlg422qqdxx32lq,2026-04-07 16:07:38.095052,2026-04-07 16:07:39.795434
208,/home/sysadmin/integrity-sync/main/Japanese American Incarceration Materials/manzanar/photos/10_adams_farm_workers.jpg,Success,"",bafkreia46f5ew2gxkqwzpcwasinmbccggtz4zoscqeywam2tspbnznesrm,2026-04-07 16:07:38.790863,2026-04-07 16:07:40.045749
209,/home/sysadmin/integrity-sync/main/Japanese American Incarceration Materials/manzanar/photos/08_adams_yonemitsu_home.jpg,Success,"",bafkreihhqlgsxj3qlp7iflr5ajj7cvusxlcfv6f4gvgwce2yuxhzx4zvqm,2026-04-07 16:07:38.898954,2026-04-07 16:07:40.057831
210,/home/sysadmin/integrity-sync/main/Japanese American Incarceration Materials/manzanar/photos/09_adams_baseball.jpg,Success,"",bafkreidreg534vjqgowmawe2ssipgagkv6mbxez37jjijsh2cxzlimncem,2026-04-07 16:07:38.931558,2026-04-07 16:07:40.254763
211,/home/sysadmin/integrity-sync/main/Japanese American Incarceration Materials/manzanar/photos/11_adams_barracks_mountains.jpg,Success,"",bafkreif6fvmt6wrjym6peka76lkklkza3rfcm3z5afdio6n56tgj3qesq4,2026-04-07 16:07:39.364913,2026-04-07 16:07:40.540485
212,/home/sysadmin/integrity-sync/main/Japanese American Incarceration Materials/manzanar/photos/12_adams_takeno_newspaper.jpg,Success,"",bafkreif7cm7ep62drojs7fkr2jxa2xascgzeulndemtgz77vm6cofwhxy4,2026-04-07 16:07:39.418689,2026-04-07 16:07:40.553907
213,/home/sysadmin/integrity-sync/main/Japanese American Incarceration Materials/manzanar/photos/13_adams_nurse_aiko.jpg,Success,"",bafkreiak6nufcli4spiounlgzgxo5kal5cxk7r3lo554g6stfz5b63iuke,2026-04-07 16:07:39.549878,2026-04-07 16:07:40.560347
214,/home/sysadmin/integrity-sync/main/Japanese American Incarceration Materials/manzanar/photos/15_adams_pleasure_park.jpg,Success,"",bafkreigpxj5rpx6y7ytv4ymtf3spra6tm2oyx4pssskix63uujy4ypwqia,2026-04-07 16:07:40.112872,2026-04-07 16:07:41.480255
215,/home/sysadmin/integrity-sync/main/Japanese American Incarceration Materials/manzanar/photos/16_lange_barrack_interior_nara538136.jpg,Success,"",bafkreihnhnzfoezlk6y4ku2e3j6qpr76q4mxcz7qaina4kccywstnvli2y,2026-04-07 16:07:40.207855,2026-04-07 16:07:41.580454
216,/home/sysadmin/integrity-sync/main/Japanese American Incarceration Materials/manzanar/photos/14_adams_packing_departure.jpg,Success,"",bafkreifslavc2iml4326lqtptqjdvndxohrxodwjq44c5iuokka64fvqcy,2026-04-07 16:07:40.297106,2026-04-07 16:07:42.582643
217,/home/sysadmin/integrity-sync/main/Japanese American Incarceration Materials/manzanar/photos/18_nps_block14_barracks_exhibit.jpg,Success,"",bafkreifcbyymlv3aozronc3w3hdc2ptiqtwqvv4ptxqmomae3rjqnrcnp4,2026-04-07 16:07:40.812167,2026-04-07 16:07:42.618502
218,/home/sysadmin/integrity-sync/main/Japanese American Incarceration Materials/manzanar/photos/17_adams_street_scene_clouds.jpg,Success,"",bafkreiejj3mbzdgzgsymi66u2iztuk2wh3heaf4j7o6teoh4i35eaxzvya,2026-04-07 16:07:40.838155,2026-04-07 16:07:42.62394
219,"/home/sysadmin/integrity-sync/main/Japanese American Incarceration Materials/manzanar/photos/July 2, 1942 — Manzanar Relocation Center, Manzanar, California. Mealtime in one of the messhalls at this War Relocation Authority center for evacuees of Japanese ancestry..webp",Success,"",bafkreiaeyomjurrc7vbreh7z5fccenpehw256we6chufushpi7hywdwijm,2026-04-07 16:07:40.892016,2026-04-07 16:07:42.631806
220,/home/sysadmin/integrity-sync/main/Japanese American Incarceration Materials/manzanar/photos/PHOTO_MANIFEST.txt,Success,"",bafkreifl3h27zpqas2blkvljnz6vfjxww6leja6oc622t2uwivtrllmha4,2026-04-07 16:07:41.570244,2026-04-07 16:07:42.645815
221,/home/sysadmin/integrity-sync/main/Japanese American Incarceration Materials/manzanar/photos/lange_manzanar_evacuees_outside_barrack.jpg,Success,"",bafkreihahrpoiby2djlq7w3cs5cdihewfiakshdxzazuuyzkj3l6d6s2j4,2026-04-07 16:07:41.664726,2026-04-07 16:07:42.718832
223,/home/sysadmin/integrity-sync/main/Japanese American Incarceration Materials/manzanar/photos/02_adams_from_guard_tower_sw.jpg,Success,"",bafkreiewswfz75ha4abw4mcyd6woastquzg6qmknrzdxzq6wvnydxb4syi,2026-04-07 16:07:42.010273,2026-04-07 16:07:43.369577
224,/home/sysadmin/integrity-sync/main/Japanese American Incarceration Materials/topaz/testimonies/TESTIMONY_MANIFEST.txt,Success,"",bafkreid2axaemwbgmzi4vspsgz25pij4bpggrfepdqpltlvkdrjmiwqjz4,2026-04-07 16:07:42.306651,2026-04-07 16:07:44.610858
225,/home/sysadmin/integrity-sync/main/Japanese American Incarceration Materials/manzanar/photos/lange_manzanar_quarters_mt_whitney.jpg,Success,"",bafkreie33dizevz3j2mo2264rbu2dppp3tc5ynd2ylo6k7tsuybvc37ocy,2026-04-07 16:07:42.389817,2026-04-07 16:07:44.666136
226,/home/sysadmin/integrity-sync/main/Japanese American Incarceration Materials/manzanar/photos/lange_manzanar_softball_game.jpg,Success,"",bafkreif26wu34q5pruuawgfbkqcpii4jnqwobagdd4x5uku6dseydvblmu,2026-04-07 16:07:42.479598,2026-04-07 16:07:44.66979
248,/home/sysadmin/integrity-sync/main/Japanese American Incarceration Materials/manzanar/videos/manzanar_home_movies_1944.mp4,Success,"",bafkreid7jyb6droe7vv3iobg7dqh2hzkydsokjsjpnngdp4apgu3lhxjfe,2026-04-07 16:07:53.909681,2026-04-07 16:07:59.603046
222,"/home/sysadmin/integrity-sync/main/Japanese American Incarceration Materials/manzanar/photos/July 3, 1942 — Manzanar, California. Dust storm at this War Relocation Authority center where evacuees of Japanese ancestry are spending the duration.webp",Success,"",bafkreif72mensqnwnmup7sciija74kccua7qhjcdg4yazzjda2d5mr7qzq,2026-04-07 16:07:41.81412,2026-04-07 16:07:43.047111
227,/home/sysadmin/integrity-sync/main/Japanese American Incarceration Materials/topaz/testimonies/quote_bank.txt,Success,"",bafkreiclrsdkbw2nngw722qkhl2csvdj7cocbxaydnljhufa6sks6ikd6e,2026-04-07 16:07:42.63611,2026-04-07 16:07:44.674608
228,/home/sysadmin/integrity-sync/main/Japanese American Incarceration Materials/manzanar/testimonies/TESTIMONY_MANIFEST.txt,Success,"",bafkreiemy34fugsquvby3g7semaxwjcw3x6lvet64a63vwpwhs42avea6i,2026-04-07 16:07:43.112582,2026-04-07 16:07:44.686401
229,/home/sysadmin/integrity-sync/main/Japanese American Incarceration Materials/tanforan/testimonies/TESTIMONY_MANIFEST.txt,Success,"",bafkreianvo6p77ajif6ptri7u2lgspe553poy5gukfdsrvht4bmkchcctu,2026-04-07 16:07:43.120186,2026-04-07 16:07:44.697932
230,/home/sysadmin/integrity-sync/main/Japanese American Incarceration Materials/manzanar/testimonies/quote_bank.txt,Success,"",bafkreic6g6qxmdipubmdymtcjqmxhtkubyyrewxbp5jqosk5gfgiuxrolq,2026-04-07 16:07:43.255129,2026-04-07 16:07:44.70483
231,/home/sysadmin/integrity-sync/main/Japanese American Incarceration Materials/tanforan/testimonies/quote_bank.txt,Success,"",bafkreiehqpjrxvqi5thkgvsmyky7vowjwoyoprzipf3eaefulkgmhttc7a,2026-04-07 16:07:43.441063,2026-04-07 16:07:45.604712
232,/home/sysadmin/integrity-sync/main/Japanese American Incarceration Materials/topaz/photos/13_densho_aerial_overview.jpg,Success,"",bafkreidiriuekbfbael72veua7q3sv24b5cr6erkq5ilez7gkicohgzdxy,2026-04-07 16:07:43.790734,2026-04-07 16:07:45.741576
233,/home/sysadmin/integrity-sync/main/Japanese American Incarceration Materials/topaz/photos/PHOTO_MANIFEST.txt,Success,"",bafkreibx3harit65cu33ck42wo4maynrlcnc5y5gzi5fjcfqc3vueyk2j4,2026-04-07 16:07:43.936355,2026-04-07 16:07:45.750769
234,/home/sysadmin/integrity-sync/main/Japanese American Incarceration Materials/topaz/photos/Topaz_crew_delivering_heaters_tom_parker.jpg,Success,"",bafkreihdffyymzp6id5ibmeeuyfnas4lxxvevo7cux5zhx2ke2ortcrhz4,2026-04-07 16:07:44.269585,2026-04-07 16:07:45.757316
235,/home/sysadmin/integrity-sync/main/Japanese American Incarceration Materials/topaz/photos/Topaz_crew_delivering_heaters_tom_parker_caption.jpg,Success,"",bafkreiakyr4ppziwnd5kvfimff4zu3zrnzxs63yl6fomrotjmlwcsyrhyi,2026-04-07 16:07:44.429848,2026-04-07 16:07:45.762558
236,/home/sysadmin/integrity-sync/main/Japanese American Incarceration Materials/topaz/photos/Wakasa_Funeral.jpg,Success,"",bafkreictejynxgs6m5pom444o5osnqtbwqxkrawc3ewekc2tr4ckn74bwe,2026-04-07 16:07:44.539803,2026-04-07 16:07:45.775973
237,/home/sysadmin/integrity-sync/main/Japanese American Incarceration Materials/topaz/photos/Wakasa_Funeral_caption.jpg,Success,"",bafkreigophglse4s5prlua7bn2cey4erl4qq4adrlhg5yn3kvnfpkdnlbe,2026-04-07 16:07:44.853276,2026-04-07 16:07:46.046726
239,/home/sysadmin/integrity-sync/main/Japanese American Incarceration Materials/topaz/photos/charles_f_earnst_at_topazjpg.jpg,Success,"",bafkreiarlrn4fbgdxu62nze7223cltwodxgqwynzp6b5fafittbzdpmcm4,2026-04-07 16:07:45.13169,2026-04-07 16:07:46.493937
238,/home/sysadmin/integrity-sync/main/Japanese American Incarceration Materials/topaz/photos/Topaz_arial_overview_ddr-manz-4-127-mezzanine-7bc20565a2.tif,Success,"",bafkreibq6lcnzew6d2pva5vzoygthi2gzp6mnyhgnnfr3obxgx7jife3wa,2026-04-07 16:07:44.95655,2026-04-07 16:07:46.501161
240,/home/sysadmin/integrity-sync/main/Japanese American Incarceration Materials/topaz/photos/charles_f_earnst_at_topaz_caption.jpg,Success,"",bafkreigswmeosetmns5dkrwixjpbjtmhxtp46rhfj57gsfde2k7ydg7u6m,2026-04-07 16:07:45.488867,2026-04-07 16:07:46.515059
241,/home/sysadmin/integrity-sync/main/Japanese American Incarceration Materials/manzanar/videos/VIDEO_MANIFEST.txt,Success,"",bafkreichicwt67ziwgd3eihomvbhqbfx5aamyo2gvbu4lxtn7h4g66y4iu,2026-04-07 16:07:46.346095,2026-04-07 16:07:47.460817
245,/home/sysadmin/integrity-sync/main/Japanese American Incarceration Materials/topaz/videos/VIDEO_MANIFEST.txt,Success,"",bafkreieu4fhl3rxrfo5ornmdve2xenv6si6ylztayt5kimj5waombgfl3m,2026-04-07 16:07:48.849528,2026-04-07 16:07:50.128289
242,/home/sysadmin/integrity-sync/main/Japanese American Incarceration Materials/tanforan/videos/kawahara_interview_seg01_densho.mp4,Success,"",bafkreiaye3muytp6mgewyfiuisrzyh2o2vb4z3ugscpi4jetiif7zs74dq,2026-04-07 16:07:47.938057,2026-04-07 16:07:50.693643
243,/home/sysadmin/integrity-sync/main/Japanese American Incarceration Materials/tanforan/videos/kawahara_interview_seg05_camp_memories.mp4,Success,"",bafkreici2a34iwshjxeiwbr47uyx535oyvi4mplir2mahxf6ljfwmxmdwy,2026-04-07 16:07:48.023125,2026-04-07 16:07:50.698257
244,/home/sysadmin/integrity-sync/main/Japanese American Incarceration Materials/manzanar/videos/embrey_interview_seg01_densho.mp4,Success,"",bafkreice3rpzqgyl3sqopzfva5rr22saclb2hlr7rusalz4lks7qtwsaai,2026-04-07 16:07:48.395727,2026-04-07 16:07:50.717943
246,/home/sysadmin/integrity-sync/main/Japanese American Incarceration Materials/manzanar/videos/manzanar_wrc_independence_footage.mp4,Success,"",bafkreicwj4qma5x5mnfwghji6w2c6uabyycc4mvkno426mkfsjbdhtmy3a,2026-04-07 16:07:49.932886,2026-04-07 16:07:51.642083
247,/home/sysadmin/integrity-sync/main/Japanese American Incarceration Materials/manzanar/videos/manzanar_1943_1945_archival_footage.mp4,Success,"",bafkreifujnf6dafn6q7h5vi46l62roejgkjv67elw7owb4nlgr6wbyxcp4,2026-04-07 16:07:50.380641,2026-04-07 16:07:55.266052
250,/home/sysadmin/integrity-sync/main/Japanese American Incarceration Materials/topaz/videos/korematsu_full_interview/korematsu_seg01.mp4,Success,"",bafkreie5n75xtswk42konqtd5unmjlyiabgnw2yplveyzbhkm5akrg3ckm,2026-04-07 16:07:56.629118,2026-04-07 16:08:00.457007
253,/home/sysadmin/integrity-sync/main/Japanese American Incarceration Materials/topaz/videos/korematsu_full_interview/korematsu_seg02.mp4,Success,"",bafkreibzzore6zliokbykyrydgo6f6mzcfebnbfj2lufddi3mr7gwbqu6i,2026-04-07 16:07:59.450405,2026-04-07 16:08:04.730582
251,/home/sysadmin/integrity-sync/main/Japanese American Incarceration Materials/topaz/videos/unfinished_business_1985_korematsu.mp4,Success,"",bafkreibvguohl4ol5x4qeharxopqovtfjzpnttpl2jb4siw5anqzugwp7u,2026-04-07 16:07:57.328814,2026-04-07 16:08:17.593428
252,/home/sysadmin/integrity-sync/main/Japanese American Incarceration Materials/topaz/videos/tatsuno_topaz_home_movies_color.mp4,Success,"",bafkreifbvkqfuubea5qjtzgkliz7xi27kiyhagf7fnlkyy3oswdu5pfd54,2026-04-07 16:07:58.287796,2026-04-07 16:08:21.317215
249,/home/sysadmin/integrity-sync/main/Japanese American Incarceration Materials/topaz/videos/kawahara_interview_seg07_first_impressions_topaz.mp4,Success,"",bafkreifxxdmuzkfgl7gw4vjfa7kxfbmvlrh5mza6omp7uccgw4xcemrw4e,2026-04-07 16:07:55.003776,2026-04-07 16:07:58.2972
